[
    {
        "breed": "Doberman",
        "info": [
            {
                "step1": "Take your Doberman pinscher to a veterinarian and have him vaccinated. Dobermans are especially vulnerable to the deadly parvovirus if not properly vaccinated, according to the American Society for the Prevention of Cruelty to Animals. The initial vaccination is given at 6 weeks of age and every four weeks afterward until the dog reaches 16 to 20 weeks old.",
                "step2": "Bring your Doberman to a veterinary surgeon to have his ears cropped and tail docked if you plan to show him. The American Kennel Club requires that a Doberman have his ears cropped to an erect style and his tail docked at the second joint. These are both cosmetic procedures. Ear cropping alters the look of the ears, making them stand erect, and requires the taping of the ears after surgery to train them to stand up. Docking shortens the tail.",
                "step3": "Exercise your Doberman daily to prevent any destructive behaviors from developing. This breed requires a significant amount of exercise, more than other breeds, so playing games outdoors such as fetch with dog toys or engaging in a brisk run with him will tire him out. Dobermans are prone to compulsive behaviors such as excessive flank licking if not given outlets for their energy or when stressed. Outdoor activities can prevent these issues from starting, helping to relieve any anxiety.",
                "step4": "Clicker train your Doberman to respond to verbal commands. Dobermans are intelligent dogs that require the mental stimulation that training provides. This type of training involves associating the sound of a click with a food reward, then using the sound of the clicker to indicate to the dog what is required of him. Initially, click the training device, then treat repeatedly. Once the dog associates the noise with the treat, move on to verbal commands, clicking when, after you have given a command, the dog performs the required activity.",
                "step5": "Groom your Doberman with a short wire brush to keep any debris out of his fur. The breed's short fur requires infrequent brushing and does not typically shed very much. Clean the coat with a damp washcloth and spritz a bit of leave-in conditioner on it to ensure that your dog's coat appears shiny. Bathe your dog only when necessary.",
                "step6": "Feed your Doberman a high-calorie diet if he is exercised regularly to keep up with his caloric requirements for proper nutrition. Choose soy-free dry food and soak it before serving to prevent a condition called bloat, which is common in larger breeds such as the Doberman, recommends the Dog Channel website. Bloat causes a potentially fatal swelling of the stomach. Avoid feeding your Doberman for one hour before or after exercise, which can also help prevent bloat."
            }
        ],
        "tips": [
            {
                "tip1": "Keep your Doberman indoors during cold weather, as he can chill easily because of his short coat. Purchase a dog sweater or coat for him when walking him in cold conditions.",
                "tip2": "Give your Doberman interactive toys, such as treat-containing chew toys, to engage his mind during the day when you are not home. This prevents destructive behavior in this breed from developing.",
                "tip3": "Take your Doberman for regular vet visits to check for certain conditions that are more prevalent in this breed including cancer, hyperthyroidism, hip dysplasia, Von Willebrand's disease and dilated cardiomyopathy.",
                "tip4": "If you cannot play with or exercise your Doberman outdoors as much as he needs, run him on a treadmill to ensure he gets the exercise he needs to prevent compulsive or destructive behaviors.",
                "tip5": "Socialize your Doberman from an early age to prevent any issues with aggression later in life toward other people or dogs. Have your young Doberman play with other dogs and expose him to a variety of other people starting at 12 weeks old.",
                "tip6": "This intelligent, obedient dog can be trained to be a guide dog for the blind with a certified guide dog instructor.",
                "tip7": "If you don't plan to show your dog, you can leave his ears and tail in their natural state.",
                "tip8": "Teach your Doberman to participate in agility trials. The preparation is both physically and mentally stimulating, which are both important for this breed."
            }
        ]
    },
    {
        "breed": "Brittany",
        "info": [
            {
                "step1": "Provide your Brittany spaniel with an abundance of attention. Their need to be near their owners is one reason Brittanys are well-suited as indoor dogs. Brittanys are attention-seekers, and they give a great deal of affection in return. Expect negative behaviors from your Brittany if he feels neglected. Brittanys are friendly dogs and good family pets, but they may be jealous of new additions to the family or attention paid to other pets; however, they generally do well with other pets. Offer appropriate, indestructible chew toys, as they will help keep your Brittany's teeth healthy and reduce his boredom.",
                "step2": "Train your Brittany in obedience, using positive reinforcement. Training is important with these strong, agile dogs, and they generally are easy to train. Brittanys do not respond well to negative reinforcement, and in some individuals, fear can lead to aggression. Training will let you become familiar with your pet’s personality and temperament. Address any aggressive tendencies with a professional dog trainer.",
                "step3": "Confront behavioral issues as soon as they arise. Investigate possible reasons for any negative behavior. Your Brittany may bark out of fear, want or boredom, or because he is guarding. Bored dogs may dig, destroy items or attempt to escape. Training leads to bonding and better understanding of your Brittany, which will help you diagnose the reasons for any unwanted behavior and intervene effectively.",
                "step4": "Provide your dog a suitable habitat. A medium-size yard is large enough for a Brittany, provided you supplement his time outside with daily walks. Crate-train your pet to make transporting him easier and to provide him a safe, peaceful place of his own at home.",
                "step5": "Exercise your Brittany for an hour daily. Take him for walks or runs on-leash. Find a safe, open space where your dog can exercise off-leash for a more satisfying experience. The Brittany spaniel is an energetic breed, so exercise is very important. It reduces negative behaviors and builds a bond between you and your dog. Explore activities you and your dog can do together that have both mental and physical aspects, such as agility, obedience and tracking.",
                "step6": "Ask your veterinarian how often you need to clean your Brittany's ears, and ask him to show you the proper method of cleaning. Brittanys' ears are short, but they are floppy and lie flat, tending to trap moisture and debris that can lead to infections. Brittanys who are active, and those with more ear hair, may have more ear problems. Clean your dog’s ears using a veterinarian-approved solution."
            }
        ],
        "tips": [
            {
                "tip1": "Use a slicker brush to brush your Brittany spaniel weekly. Brush more often after play in the field or in water, and as seasons transition to fall and spring. Brittanys are single-coated; shedding is less of an issue than it is with double-coated dogs.",
                "tip2": "Their short- to medium-length coats may be smooth or wavy. The dense, somewhat feathered coat offers protection against snags and burs while remaining mostly free of matting.",
                "tip3": "A Brittany's coat is good for damp and cold in the field, but not for prolonged exposure to the elements. Trim your Brittany for shows as desired, but those kept as pets don’t need trimming.",
                "tip4": "Spot-strip the coat only as needed. Avoid stripping the entire coat. Bathe your dog with dog shampoo after grooming.",
                "tip5": "Educate yourself about health issues that may affect Brittany spaniels, and take your dog to your veterinarian for regular checkups.",
                "tip6": "Brittanys are generally healthy dogs, but the Canine Inherited Disorders Database lists several heritable diseases that are seen in the breed, including hip dysplasia; eye diseases such as retinal atrophy, lens luxation and glaucoma; cleft lip/palate;",
                "tip7": "A Brittany's coat is good for damp and cold in the field, but not for prolonged exposure to the elements. Trim your Brittany for shows as desired, but those kept as pets don’t need trimming.",
                "tip8": "Complement deficiency, an immune disorder, is seen rarely. Heart defects and cryptorchidism -- undescended testicles -- also occasionally affect Brittanys."
            }
        ]
    },
    {
        "breed": "Pug",
        "info": [
            {
                "step1": "Just like other dogs, pugs love to eat. But the real difference is in the activity level that each dog maintains. Generally, pugs aren’t considered as one of the most active breeds, and if not given enough exercise they can become real couch potatoes. Because of that, it is crucial to pay attention to keeping your pug’s portions appropriate.",
                "step2": "You should also pay attention to feed your pug with age-appropriate dog food. Puppies need different nutrients than adult or senior dogs. Therefore, pay attention to your pup’s feeding requirements according to its activity level and age.",
                "step3": "Another thing pug owners should be aware of is to control the amount of treats given to pugs. Since pugs are small-sized dog breeds, the amount of treats they can have throughout the day is way smaller than the treat portion a medium-sized dog could get.",
                "step4": "The best way to ensure your dog is healthy and happy is to provide it with sufficient exercise time. Exercise is not only important to keep your pug fit, but it is also one of the crucial steps for having a calm and satisfied pet that won’t develop any of the common behavioral issues.",
                "step5": "An adult pug will need about two 15-20 minute moderate exercise session per day. They also love to play, so providing your pug with enough toys to play with inside the home will keep them engaged both physically and mentally. Ideally, you would also spend some time on a daily basis to play with your pug. You can chase each other in the home, or play fetch, whatever you choose your pug will surely play along.",
                "step6": "Pugs usually respond well to basic training. They might not be excessively interested in more complex training, but teaching them basic commands should cause no problems as these dogs love to please their owners. As with any other dog, you have to be kind, patient and consistent in your training lessons in order to make sure your dog really learns what you intended him to."
            }
        ],
        "tips": [
            {
                "tip1": "Also, the best approach that all modern dog behaviorists suggest is positive reinforcement. You can easily apply this approach by using treats as rewards whenever your pug obeys a command well. But since you have to make sure not to overfeed your dog with treats, you should know that simply praising your dog after he has been a good boy also works as an effective reward.",
                "tip2": "If you’re a first-time dog owner and have difficulties in handling your dog’s naughty behavior or teaching him commands, you might have to consider enrolling your pug in an obedience class. This way you will learn the right way to lead your dog and will have some additional time to bond with your dog.",
                "tip3": "Typically, bathing your pug once per month should be more than fine. However, some owners prefer to bathe their Pugs on a more regular basis.",
                "tip4": "Of course, if your pug got extremely dirty somewhere, you would definitely give it an extra bath. Although bathing them shouldn’t be a very complex task to do, there is one thing that requires more of your attention after you bathe your pug – the pug’s facial folds.",
                "tip5": "When bathing is completed, make sure you clean, rinse and dry your pug’s facial wrinkles properly. Leaving their facial folds damp might lead to skin or yeast infections that will make your dog’s skin itchy and prone to other irritations.",
                "tip6": "Although bathing your pug once a month might be perfectly enough, your pug’s facial folds will need more frequent care. Because a pug’s wrinkles might hold onto food, saliva, dirt, and other debris, your pug’s skin can become irritated. Not only, but this might eventually make your pug smell really bad.",
                "tip7": "If your pug already suffers from a yeast infection or other form of skin irritation, you should get antiseptic canine wipes and use them to clean your dog’s folds two to three times a day.",
                "tip8": "Pugs are big shedders, especially during summer. Their coat, despite being short, needs regular weekly brushing in order to be healthy. You should make sure you get the appropriate grooming tools for your pug’s coat. Typically, pug owners find themselves satisfied with a slicker brush or a specialty shedding brush."
            }
        ]
    },
    {
        "breed": "Siberian Husky",
        "info": [
            {
                "step1": "Prepare a bedding area for your Siberian husky. He should have his own bed, a water dish and a food bowl. If you choose to keep your husky in a crate overnight, place a bed inside the crate.",
                "step2": "Introduce your husky to his bedding area when you bring him home. If he is overwhelmed with the new surroundings, place him in the crate for a few hours, then open the door and let him wander out when he feels comfortable.",
                "step3": "Provide your dog with plenty of dog toys to keep him from chewing on other objects. If you spot your husky chewing on something you don't want him to have, take it away, say No! and replace the item with one of your dog's toys so he learns what he is and is not allowed to play with.",
                "step4": "Enroll yourself and your Siberian husky in obedience classes. The younger your husky is when training starts, the more success you are likely to have. Huskies, with their high energy, can be difficult to control without proper training.",
                "step5": "Establish a routine in taking your Siberian husky outside. If you are house-training a puppy, take the puppy outdoors after meals and naps and do not go back in until he does his business. Praise your puppy and reward him with treats to teach him that doing his business outdoors is a desirable behavior.",
                "step6": "Keep your husky's water bowl full and refresh the water at least once a day. Large breeds such as Siberian huskies consume more water than small breeds. Check the bowl after meals and walks to make sure it isn't low."
            }
        ],
        "tips": [
            {
                "tip1": "Take your husky to the vet regularly for checkups and vaccinations. Your vet will provide you with a schedule for vaccinations and will tell you how often he would like you to bring your dog in. Huskies are a hardy breed, but owners should be on the lookout for eye or hip problems.",
                "tip2": "Check your dog's ears often for signs of infection. If your dog's ears develop excess discharge or a foul odor, take him to the vet for treatment.",
                "tip3": "Brush your husky's coat once a week using a wide-toothed comb or large bristle brush. These brushes are ideal for working through the thick double coats of Siberian huskies. Weekly brushing will help to cut down on shedding and keep your dog's coat healthy.",
                "tip4": "Bathe your husky only when necessary, which should be infrequently. Bathing too often may irritate his skin. You may need a handheld sprayer to get the water to penetrate his thick fur, and a bath mitt will help you work the shampoo into his undercoat. Use shampoo formulated for dogs.",
                "tip5": "Clean your husky's ears once a week using a dog ear cleansing solution. Squirt the solution into his ear canal and massage the ear with your hands to spread the liquid. Wipe away dirt, discharge and excess fluid with clean cotton balls. Never stick anything into your dog's ear canal.",
                "tip6": "Check your dog's nails periodically and have them trimmed if necessary. This procedure is best left to a professional groomer or your veterinarian's office unless you have been trained in how to do it properly. Doing the job incorrectly can result in bleeding and pain.",
                "tip7": "Feed your Siberian husky high-quality dry dog food. If you have a puppy, select a food specially formulated for puppies. Ask your veterinarian for advice about how much to feed your dog; the amounts given by the dog food manufacturer may not fit your pet's individual needs. At a year old, or when your veterinarian recommends it, your husky can begin eating adult dog food.",
                "tip8": "Establish a routine in taking your Siberian husky outside. If you are house-training a puppy, take the puppy outdoors after meals and naps and do not go back in until he does his business. Praise your puppy and reward him with treats to teach him that doing his business outdoors is a desirable behavior."
            }
        ]
    },
    {
        "breed": "Breeds",
        "info": [
            {
                "step1": "PROVIDE A PROTECTED AND CLEAN LIVING ENVIRONMENT FOR YOUR DOG.  Shelter from the elements and hazards, as well as good hygiene, are basic to a quality life.     ",
                "step2": "ALWAYS KEEP FRESH WATER AVAILABLE.  Maintaining optimal hydration is important for health and energy.",
                "step3": "FEED A QUALITY DIET AND PREVENT OBESITY.  Overweight humans and animals can adversely affect health in many ways.  Follow the dietary recommendations that your veterinarian will make according to the nutritional needs of your dog, based on size, age, level of activity and breed.  Remember to provide healthy treats rather than table scraps, as rewards.",
                "step4": "HAVE YOUR PET EXAMINED BY A VETERINARIAN ON A REGULAR BASIS.  Your veterinarian will provide you with the information on vaccination schedules, deworming and external parasite control.  Keep a copy of your pet’s vaccination records in your home or with you when you travel.  Contact your veterinarian if you believe that your pet may be ill, injured, or if something just doesn’t seem right.  Your veterinarian is the expert on keeping your dog healthy.  Work as a team with him or her.",
                "step5": "PROVIDE AMPLE OPPORTUNITIES TO EXERCISE.  Make sure your dog gets the regular exercise needed to enable it to be fit.  By being in shape, your dog will be more capable of participating in the activities that it enjoys.",
                "step6": "COMMUNICATE WITH YOUR DOG AND DEVELOP A RELATIONSHIP.  Dogs are social creatures and they need to interact with their owner.  Quality time will help you get to know your dog and understand  particular needs that it might have, as well enhance your ability to recognize early signs of an illness that could be developing.  In addition, time spent in developing a relationship will help prevent many undesirable behavioral patterns."
            }
        ],
        "tips": [
            {
                "tip1": "TRAIN YOUR DOG TO FOLLOW THE SIMPLE COMMANDS.   Puppy and dog training classes can be very helpful.  The better your dog is at following basic and necessary commands, the greater the chances are that your dog will live a safe and long life.",
                "tip2": "PRACTICE REPRODUCTIVE CONTROL.  If you do not intend to create puppies, spaying or neutering is a certain option.  If you plan to breed your dog or are opposed to spaying and neutering for other reasons, take appropriate measures to prevent mismatings.  Consult with your veterinarian in regard to other options that are available.",
                "tip3": "DENTAL CARE IS VERY IMPORTANT.  Many breeds are prone to gum disease, which can have serious implications.  Infection resulting from this condition leads to premature tooth loss, and can commonly cause infections in major organs, including the heart valves.",
                "tip4": "DON’T OVERLOOK GROOMING AND NAIL TRIMMING.  Long coated dogs are prone to developing matts and ice balls in their hair.  Overgrown nails are common in elderly dogs and can make it more difficult for them to walk.  In addition, such nails are much more prone to breaking, which can be quite painful.   ",
                "tip5": "A stable routine of feeding can also help you with house training. Dogs usually have to go to the bathroom 20 - 30 minutes after eating.",
                "tip6": "Most U.S. states require you to vaccinate the dog against rabies. Even if this isn't a legal requirement, it is a good idea in order to protect your pet (and you) from this deadly disease.",
                "tip7": "Do your homework. Decide how much you can afford each month for a premium and investigate several companies to see what level of coverage they will provide.",
                "tip8": "Know that your dog's coat may grow and it will need to be trimmed by a dog groomer. If the fur grows too long it can irritate the dog between the toes, or prevent it from seeing properly. In addition, the dog is likely to sweep debris, such as sticks and grass, up in the coat, which could cause it discomfort."
            }
        ]
    }
]